name,phonenumber,expiration_date
Fredrik Öman,070-234 12 12,2022-05-02
Greger Mahl,070-234 12 12,2022-05-02
Gustav Mågel,070-234 12 12,2023-03-16
Daniel Jonsson,070-234 12 12,2023-04-28
Oliver Wallin,070-234 12 12,2023-04-28
Kurt Magnusson,070-234 12 12,2023-04-28
Adam Olofsson,070-234 12 12,2023-04-28
Ingevar Mohamed,070-234 12 12,2023-04-28
Stefan Löfven,070-234 12 12,2023-04-28
Jonas Sjöstedt,070-234 12 12,2023-04-28
Ebba Busch,070-234 12 12,2023-04-28
Jimme Åkesson,070-234 12 12,2023-04-28
Ulf Kristersson,070-234 12 12,2023-04-28
Nyanko Sabouni,070-234 12 12,2023-04-28
Gustav Fridolin,070-234 12 12,2023-04-28
Leif GV Persson,070-234 12 12,2023-04-28
Mauri Hermudsson,070-234 12 12,2023-04-28
Felix Kjellberg,070-234 12 12,2023-04-28
Peder Andersson,070-234 12 12,2023-04-28
Frugel Mågelsats,070-234 12 12,2023-04-28
Kraut Mauser,070-234 12 12,2023-04-28
Andreas Eliasson,070-123 4567,2023-04-28
Gordon Pärenen 3,070-123 4567,2023-04-28
Gordon Pärenen 2,070-123 4567,2023-04-28
Jerker Sigge,070-123 4567,2023-04-28
Teodor Daniel,070-123 4567,2023-04-28
Per Söderberg,070-123 4567,2023-04-28
Albin Svensson,070-123 4567,2023-04-28
Håkan Birch,070-123 4567,2023-04-28
Emanuel Jansson,070-123 4567,2023-04-28
Björn Karlsson,070-123 4567,2023-04-28
Johannes Dahl,070-234 12 12,2023-04-28
Sven Larsson,070-123 4567,2023-04-28
Claes Gunnarsson,070-123 4567,2023-04-28
John Gustafsson,070-123 4567,2023-04-28
Thomas Axelsson,070-234 12 12,2023-04-28
Josef Berglund,070-234 12 12,2023-04-28
Jonas Nyberg,070-234 12 12,2023-04-28
Ingemar Abrahamsson,070-234 12 12,2023-04-28
Gordon Pärenen,070-123 4567,2023-04-28
Tården Gården,070-123 4567,2026-02-04
